﻿index,key_value,label,ontology_mapping
0,"{'analyte type': 'RNA', 'biospecimen repository': 'Hyperdiploid_Pediatric_ALL', 'biospecimen repository sample id': 'Hyperdiploid_ALL_5', 'body site': 'bone marrow', 'gap_accession': 'phs000522', 'gap_consent_code': '1', 'gap_consent_short_name': 'PCRGM', 'gap_sample_id': '785052', 'gap_subject_id': '643411', 'histological type': 'Acute Lymphoblastic Leukemia', 'is tumor': 'Yes', 'molecular data type': 'RNA Seq (NGS)', 'study design': 'Case Set', 'study disease': 'Precursor B-Cell Lymphoblastic Leukemia-Lymphoma', 'study name': 'Hyperdiploid Acute Lymphoblastic Leukemia RNA-Seq', 'subject is affected': 'Yes', 'submitted sample id': 'Hyperdiploid_ALL_5', 'submitted subject id': 'Hyperdiploid_ALL_5', 'submitter handle': 'Hyperdiploid_Pediatric_ALL'}",primary_cells,"['DOID:14566', 'EFO:0000616', 'EFO:0000311', 'EFO:0000220', 'EFO:0001642', 'UBERON:0002371', 'EFO:0000565', 'EFO:0000540', 'DOID:9952', 'EFO:0000408']"
1,"{'antibody': 'N/A', 'cell line': 'HCT116', 'source_name': 'HCT116 cell culture'}",cell_line,"['UBERON:0003101', 'UBERON:0001155', 'EFO:0000322', 'EFO:0002824', 'EFO:0000313', 'DOID:4', 'UBERON:0007023', 'DOID:305', 'EFO:0000408', 'CVCL:0291', 'CL:0000010', 'EFO:0001272']"
2,"{'cell type': 'fibroblast', 'passage number': '3', 'source_name': 'fibroblast'}",cell_line,"['CL:0000057', 'CL:0000010']"
3,"{'source_name': 'BJ cells', 'treatment': 'VP55+IFN'}",cell_line,['EFO:0000727']
4,"{'BioSampleModel': 'Human', 'age': '69', 'biomaterial_provider': 'Bioresource Collection and Research Center (Hsinchu, Taiwan)', 'cell_line': 'MCF-7', 'isolate': 'MCF-7 cells are grown during reoxygenation.Sample 3.', 'sex': 'female', 'tissue': 'breast cancer cell'}",cell_line,
5,"{'cell type': 'neural stem cells', 'lentivirus': '', 'source_name': 'neural stem cells'}",stem_cells,"['CL:0000034', 'CL:0000047']"
6,"{'extraction protocol': 'Hard spin, Washed twice', 'lactation stage': 'Mature', 'source_name': 'Milk Fat Layer', 'subject id': '179'}",tissue,"['UBERON:0001013', 'UBERON:0000119', 'EFO:0000735', 'UBERON:0022303', 'UBERON:0001913']"
7,"{'cell surface markers': 'CD4+CD45RA-TCRb+PD-1hiCXCR5hiPSGL-1lo', 'source_name': 'TFH T cell', 't cell type': 'TFH', 'tissue': 'Human tonsil'}",primary_cells,"['CL:0000084', 'CL:0000738', 'CL:0000988', 'UBERON:0002372', 'CL:0000542']"
8,"{'disease state': 'Tumor', 'source_name': 'thyroid tissue', 'tissue': 'thyroid'}",tissue,"['EFO:0000616', 'UBERON:0002046', 'DOID:14566', 'EFO:0000408']"
9,"{'cell type': 'surrounding non-tumoral tissue', 'material type': 'fresh-frozen', 'source_name': 'iCCA patient, liver', 'tissue': 'liver'}",tissue,['UBERON:0002107']
10,{'label': 'A549 cells treated by TNFa time course'},cell_line,[]
11,"{'cell type': 'SGBS adipocyte D10', 'source_name': 'adipocyte_RNA TNF', 'treated with': '10ng/ml TNF√é¬± for 90min'}",in_vitro_differentiated_cells,"['CVCL:H945', 'CVCL:GS28', 'CL:0000010', 'CL:0000136']"
12,"{'cell_line': 'primary breast', 'pheno': 'NA'}",cell_line,"['EFO:0000322', 'CL:0000010', 'UBERON:0000310']"
13,"{'analyte type': 'RNA', 'biospecimen repository': 'NCI_SolitaryFibrousTumor', 'biospecimen repository sample id': 'MCTP_UM-SFT-13', 'body site': 'Left parapharyngeal', 'gap_accession': 'phs000567', 'gap_consent_code': '1', 'gap_consent_short_name': 'CRM', 'gap_sample_id': '888943', 'gap_subject_id': '704117', 'is tumor': 'Yes', 'molecular data type': 'RNA Seq (NGS)', 'sex': 'female', 'study design': 'Case Set', 'study disease': 'Solitary Fibrous Tumors', 'study name': 'NAB2-STAT6 Gene Fusions in Solitary Fibrous Tumor by Integrative Sequencing', 'subject is affected': 'Yes', 'submitted sample id': 'MCTP_UM-SFT-13', 'submitted subject id': '19', 'submitter handle': 'NCI_SolitaryFibrousTumor'}",tissue,"['EFO:0000616', 'UBERON:0003100', 'DOID:14566', 'EFO:0000408']"
14,"{'sample comment': ""Hela cells which were cultured in Dulbecco's modified Eagle's medium (DMEM) supplemented with 10% fetal bovine serum under a humidified atmosphere with 5% CO2 at 37??C."", 'sample_name': 'DRS000577'}",cell_line,"['UBERON:0007220', 'UBERON:0001977', 'UBERON:0000323', 'CL:0000010']"
15,"{'bacterial infection': 'M. abscessus Smooth (MAB-S)-infected', 'source_name': 'THP-1-derived macrophage'}",in_vitro_differentiated_cells,"['CL:0000738', 'UBERON:0002434', 'CL:0000235', 'CL:0000988', 'CL:0000766']"
16,"{'cell type': 'human embryonic kidney (HEK) 293 T-REx Flp-In cell lines', 'rna subset': 'poly A RNA', 'source_name': 'Ctrl_RBM10.KD.24h_RNA-Seq'}",cell_line,"['CVCL:0063', 'EFO:0001184', 'EFO:0001082', 'UBERON:0007220', 'CVCL:B501', 'UBERON:0002120', 'CVCL:M624', 'CVCL:6D58', 'EFO:0000322', 'CL:0000010', 'UBERON:0000323']"
17,"{'cancer': 'Breast adenocarcinoma', 'cell line': 'MDA-MB-231', 'source_name': 'RNA_Compound A 4h_1', 'type': 'TNBC'}",cell_line,"['EFO:0006858', 'DOID:3458', 'EFO:0001209', 'UBERON:0000175', 'UBERON:0003100', 'EFO:0000228', 'EFO:0000304', 'EFO:0000305', 'EFO:0000322', 'CL:0000010', 'EFO:0000616', 'DOID:4', 'EFO:0000408', 'DOID:162', 'EFO:0001272', 'CVCL:0062', 'EFO:0000311', 'EFO:0000313', 'EFO:0003156', 'UBERON:0007023', 'DOID:14566', 'DOID:299']"
18,"{'cell line': 'Caco-2', 'cell type': 'colon cancer line', 'source_name': 'Caco-2_induced'}",cell_line,"['EFO:0000365', 'UBERON:0003101', 'DOID:0050861', 'EFO:0001099', 'UBERON:0001155', 'EFO:0000311', 'EFO:0000616', 'EFO:0005842', 'EFO:0007330', 'DOID:4', 'EFO:0003156', 'CVCL:0025', 'EFO:0000408', 'DOID:219', 'DOID:162', 'DOID:14566', 'EFO:0000322', 'CL:0000010', 'EFO:0004288']"
19,"{'cell line': 'HEK293T', 'cell type': 'human embryonic kidney cells', 'source_name': 'AFF3 shRNA RNA-seq', 'transfected with': 'AFF3 SMARTpool siRNA duplex'}",cell_line,"['CVCL:0063', 'EFO:0001184', 'EFO:0001182', 'CVCL:0045', 'UBERON:0007220', 'EFO:0000726', 'UBERON:0002113', 'UBERON:0002120', 'EFO:0001082', 'EFO:0000322', 'CL:0000010', 'UBERON:0000323']"
20,"{'cell line': 'H9', 'cell type': 'ES-derived CD271+CD73+ neural crest-like progeny', 'passages': '6 to 7', 'source_name': 'Neural crest-like progeny', 'treatment': 'FGF2'}",in_vitro_differentiated_cells,"['EFO:0000727', 'EFO:0003045', 'EFO:0000322', 'CVCL:9773', 'UBERON:0002342', 'EFO:0000795', 'CL:0000010']"
21,"{'cell line': 'HeLa', 'construct': 'empty', 'source_name': 'HeLa cell line, control shRNA'}",cell_line,"['EFO:0001185', 'UBERON:0003100', 'EFO:0000228', 'CVCL:0030', 'DOID:299', 'DOID:4', 'EFO:0000408', 'EFO:0003150', 'UBERON:0000002', 'EFO:0000322', 'CL:0000010']"
22,"{'cell type': 'macrophage', 'organism': 'Homo sapiens'}",primary_cells,"['CL:0000738', 'CL:0000988', 'CL:0000235', 'CL:0000766']"
23,"{'cell line': 'HeLa', 'source_name': 'HeLa cell line', 'treatment': 'non-targeting siRNA pool'}",cell_line,"['EFO:0001185', 'UBERON:0003100', 'EFO:0000228', 'CVCL:0030', 'DOID:299', 'EFO:0000727', 'DOID:4', 'EFO:0000408', 'EFO:0003150', 'UBERON:0000002', 'EFO:0000322', 'CL:0000010']"
24,"{'cell line': 'H1', 'extract_protocol': 'Standard mRNA-seq', 'source_name': 'hES cell, treated with sh control, ND 6d', 'treatment': 'lentiviral infection with sh control'}",in_vitro_differentiated_cells,"['EFO:0000322', 'EFO:0000727', 'CL:0000010']"
25,"{'origin': 'WA09 human embryonic stem cells', 'replicate': '1', 'sorted fraction': 'Early G1', 'source_name': 'Early G1 human embryonic stem cells'}",stem_cells,"['CL:0002322', 'CL:0000034']"
26,"{'source_name': 'dox-treated tet-shLbc hESCs', 'strain': 'tet-shLbc', 'treatment': 'dox-treated'}",stem_cells,"['CL:0002322', 'EFO:0000727', 'CL:0000034']"
27,"{'cell type': 'Induced pluripotent stem cells (iPSC)', 'passage': 'P20', 'source_name': 'iPSC culture', 'subject_id': 'Q3', 'subline_id': 'SC'}",induced_pluripotent_stem_cells,"['CL:0000034', 'CL:0002248', 'CL:0002371', 'CL:0000723', 'EFO:0004905', 'CL:0000010']"
28,"{'cell line': 'HEK 293T', 'cell type': 'non-malignant cell line', 'source_name': 'HEK 293T cells, control cells with no drug'}",cell_line,"['CVCL:0063', 'EFO:0001184', 'UBERON:0007220', 'UBERON:0002120', 'EFO:0001082', 'EFO:0000322', 'CL:0000010', 'UBERON:0000323']"
29,"{'cell type': 'iPSC derived motor neuron', 'source_name': 'iPSC derived motor neuron', 'treatment': 'none'}",in_vitro_differentiated_cells,"['CL:0000100', 'CL:0000034', 'CL:0002248', 'CL:0002371', 'CL:0000723', 'CL:0000540', 'EFO:0004905']"
30,"{'biomaterial_provider': 'Norwegian Stem Cell Center', 'cell line': '--', 'cell type': 'normal primary dermal fibroblasts', 'source_name': 'normal primary dermal fibroblasts'}",primary_cells,['CL:0000057']
31,"{'cell line': 'HCT15', 'source_name': 'colon cancer cells'}",cell_line,"['EFO:0000365', 'UBERON:0003101', 'DOID:0050861', 'EFO:0000408', 'UBERON:0001155', 'EFO:0000311', 'EFO:0000616', 'EFO:0005842', 'DOID:219', 'DOID:4', 'EFO:0007330', 'CL:0000010', 'DOID:162', 'EFO:0004288', 'DOID:14566', 'EFO:0002188', 'CVCL:0292', 'EFO:0000322']"
32,"{'genotype': 'SOD1 WT', 'source_name': 'motor neurons derived from iPSCs'}",in_vitro_differentiated_cells,"['CL:0002371', 'CL:0000100', 'CL:0000034', 'CL:0002248', 'CL:0000540', 'CL:0000723', 'EFO:0004905']"
33,"{'antibody': 'V5 (Sigma V8137)', 'antibody catalog number': 'V8137', 'antibody manufactuer': 'Sigma', 'cell line': 'HEK293', 'source_name': 'human LIN28-V5 293 stable cells'}",cell_line,"['CVCL:0045', 'EFO:0000322', 'UBERON:0002113', 'EFO:0001182', 'CL:0000010']"
34,"{'BioSampleModel': 'Human', 'age': 'Under 18 yrs', 'biomaterial_provider': 'Cellular Dynamics', 'cell_type': 'cortical neurons', 'health_state': 'normal', 'isolate': 'RNA', 'karyotype': 'normal', 'race': 'Caucasian', 'sample_type': 'cortical neurons', 'sex': 'female', 'tissue': 'fibroblast', 'treatment': 'plated for 72hrs'}",in_vitro_differentiated_cells,"['UBERON:0003100', 'CL:0000057', 'EFO:0003534', 'EFO:0000727', 'EFO:0003156', 'CL:0000540', 'CL:0002609']"
35,"{'cell line': 'KYSE70', 'cell type': 'human esophageal squamous carcinoma cells', 'genotype/variation': 'stably expressing pLKO-Tet-On-shSOX2', 'source_name': 'KYSE70_shSOX2_Day 0', 'treated with': 'none'}",cell_line,"['EFO:0000707', 'EFO:0006858', 'CVCL:1356', 'DOID:1749', 'EFO:0006633', 'EFO:0000311', 'EFO:0000313', 'DOID:305', 'EFO:0000408', 'DOID:14566', 'EFO:0000616', 'CL:0000010', 'EFO:0000322']"
36,"{'Organism': 'Homo sapiens', 'cell type': 'islet cell', 'developmental stage': 'adult'}",in_vitro_differentiated_cells,"['UBERON:0007023', 'EFO:0001272']"
37,"{'BATCH': 'BioSAli 1893', 'BIOMATERIAL_PROVIDER': 'Harvard', 'BIOMATERIAL_TYPE': 'Cell Line', 'DIFFERENTIATION_METHOD': 'adherence', 'DIFFERENTIATION_STAGE': 'intermediate', 'DISEASE': 'presumed normal', 'LINE': 'CD56+ mesoderm', 'LINEAGE': 'mesoderm', 'MEDIUM': 'CD56 mesoderm - Day 0-1', 'MOLECULE': 'genomic DNA', 'PASSAGE': '23', 'SEX': 'Male', 'sample_term_id': 'CL_0000222'}",in_vitro_differentiated_cells,"['UBERON:0000926', 'EFO:0000322', 'UBERON:0003101', 'DOID:4', 'EFO:0000408', 'EFO:0000795', 'CL:0000010']"
38,"{'cell type': 'induced pluripotent stem cells', 'disease': 'Control (euploid)', 'source_name': 'Twin_euploid_iPSC'}",induced_pluripotent_stem_cells,"['CL:0002371', 'DOID:4', 'CL:0002248', 'CL:0000034', 'EFO:0000408', 'CL:0000723', 'EFO:0004905']"
39,"{'barcode': 'ATGACAG', 'cell type': 'iPSC derived motor neuron culture', 'disease state': 'Normal control', 'source_name': 'iPSC derived motor neuron culture'}",in_vitro_differentiated_cells,"['CL:0002371', 'CL:0000100', 'CL:0000034', 'CL:0002248', 'CL:0000540', 'CL:0000723', 'EFO:0004905']"
40,"{'cell line': 'H9', 'growth': '14 days of neural induction', 'source_name': 'Human embryonic stem cells upon 14 days of neural induction. No doxycycline as added. Serve as a control to sample 1-3', 'treatment': 'No doxycycline'}",in_vitro_differentiated_cells,"['EFO:0000727', 'EFO:0003045', 'EFO:0000322', 'CVCL:9773', 'CL:0000034', 'CL:0002322', 'CL:0000010']"
41,"{'cell type': 'Neuronal Progeny', 'experiment': 'Experiment number 3', 'genotype': 'Differentiated from FTD3#6-PGRN', 'source_name': 'Neuronal progeny differentiated from FTD3#6-PGRN'}",in_vitro_differentiated_cells,['EFO:0002694']
42,"{'cell type': 'hemoangiogenic progenitors', 'source_name': 'patient-specific iPSCs'}",in_vitro_differentiated_cells,"['EFO:0004905', 'CL:0002371', 'CL:0000723', 'CL:0000034', 'CL:0002248']"
43,"{'cell line': 'YH', 'cell type': 'lymphoblastoid cells', 'source_name': 'lymphoblastoid cells'}",cell_line,"['EFO:0005292', 'EFO:0000322', 'CL:0000010']"
44,"{'cell type': 'HEK 293', 'parn knock down': 'Knock down', 'parn mutational status': 'NA', 'source_name': 'HEK 293'}",cell_line,"['CVCL:0045', 'UBERON:0002113', 'EFO:0001182', 'CL:0000010']"
45,"{'cell type': 'CD14 cells', 'individual identifier': 'T31', 'monozygotic twin relationship': 'MZ twin of T32', 'source_name': 'T31, 3rd pair, 1st individual'}",primary_cells,[]
46,"{'cell type': 'TRA-1-60(+) cells on day 11', 'source_name': 'Intermediate reprogrammed cells'}",induced_pluripotent_stem_cells,[]
47,"{'cell line': 'IMR90', 'passages': '7-9', 'source_name': 'IMR90 human lung fibroblasts', 'transfection': 'control siRNA'}",cell_line,"['EFO:0001196', 'UBERON:0003100', 'CL:0000057', 'CL:0002553', 'EFO:0000322', 'EFO:0003156', 'CVCL:0347', 'UBERON:0002048', 'EFO:0000726', 'CL:0000010']"
48,"{'cell line': 'SKNO-1 cell line', 'source_name': 'SKNO-1(leukemic)', 'treatment': 'no'}",cell_line,"['UBERON:0003101', 'CVCL:2196', 'CVCL:0462', 'CL:0000010', 'EFO:0000322']"
49,"{'Stage': 'Pluripotency', 'cell type': 'hESC (WA-09)', 'run id': 'Cortecon', 'source_name': 'in vitro_hESC_cortecon_day 0'}",stem_cells,"['CL:0002322', 'CL:0000034']"
50,"{'cell type': 'c-Kit+ cells', 'passage': 'passage 2', 'source_name': 'c-Kit+ cell_atrial appendages', 'tissue': 'heart; atrial appendages'}",cell_line,"['UBERON:0006618', 'UBERON:0000948', 'CL:0000010']"
51,"{'cell line': 'HeLa', 'source_name': 'Cervical cancer cells transfected with siRNAs against TUT7, TUT4, and TUT2 two times over a 4~5 day period (rep 1).', 'transfection': 'siTUTs'}",cell_line,"['EFO:0001185', 'UBERON:0003100', 'EFO:0000228', 'CVCL:0030', 'DOID:299', 'EFO:0000311', 'EFO:0000726', 'DOID:4', 'DOID:4362', 'EFO:0000408', 'EFO:0003150', 'DOID:162', 'UBERON:0000002', 'DOID:14566', 'EFO:0000616', 'CL:0000010', 'EFO:0000322']"
52,"{'cell origin': 'CML17', 'cell type': 'lin-CD34+CD45+', 'source_name': 'induced pluripotent stem cell-derived hematopoietic cells', 'treatment': 'DMSO'}",in_vitro_differentiated_cells,"['EFO:0000727', 'CL:0000034', 'CL:0002248', 'CL:0002371', 'CL:0000723', 'EFO:0004905', 'CL:0000988']"
53,"{'cell line': 'H1', 'cell type': 'human embryonic stem cells differentiated to ""stage 6"" containing insulin-expressing cells', 'sample type': 'live', 'source_name': 'H1 human embryonic stem cells differentiated to insulin-expressing cells, live'}",in_vitro_differentiated_cells,"['CL:0002322', 'EFO:0000322', 'CL:0000034', 'CL:0000010']"
54,"{'biomaterial_provider': 'http', 'cell line source': 'Personal Genome Project iPS cell line PGP1 (hu43860C)', 'cell subtype': 'Fibroblast derived iPS cells, differentiated neurons', 'cell type': 'Fibroblast derived iPS cells', 'genotype/variation': 'harboring doxycycline inducible Neurogenin vectors', 'source_name': 'PGP1 iPS cells_Day 3 post NGN induction', 'time point': 'Day 3 post NGN induction', 'treated with': '0.5ug/ml doxycycline'}",in_vitro_differentiated_cells,"['CL:0000057', 'EFO:0000322', 'EFO:0004905', 'CL:0000034', 'CL:0002248', 'CL:0002371', 'CL:0000723', 'CL:0000540', 'CL:0000010']"
55,"{'cell line': 'LLC12PH', 'cell type': 'Human Parthenogenic Stem Cells', 'source_name': 'Human Parthenogenic Stem Cells'}",stem_cells,"['EFO:0000322', 'CL:0000034', 'CL:0000010']"
56,"{'cell type': 'Undifferentiated H9 Stem Cells', 'organism': 'Homo sapiens'}",stem_cells,"['CVCL:9773', 'CL:0000034', 'EFO:0003045', 'CL:0000010']"
57,"{'cell type': 'Hepatic stem cells', 'source_name': 'Hepatic stem cells'}",stem_cells,"['CL:0002195', 'CL:0000034']"
58,"{'eb formation method': 'Single cell', 'embryoid body size': '500', 'source_name': 'Embryoid Body', 'stem cell lines': 'WA09'}",in_vitro_differentiated_cells,"['EFO:0003045', 'UBERON:0014374', 'EFO:0000322', 'CVCL:9773', 'CL:0000034', 'EFO:0000795', 'CL:0000010']"
59,"{'cell type': 'NTera2/D1', 'source_name': 'NTera2/D1 cells', 'treatment': 'RA'}",cell_line,"['DOID:3308', 'UBERON:0003101', 'CVCL:3407', 'EFO:0000727', 'DOID:4', 'EFO:0003156', 'EFO:0004986', 'UBERON:0002048', 'UBERON:0000473', 'EFO:0005236', 'CL:0000010', 'EFO:0000408']"
60,"{'cell line': 'TSU-1621-MT', 'source_name': 'TSU-1621-MT_RNA-seq control'}",cell_line,"['EFO:0000322', 'CVCL:A455', 'CL:0000010']"
61,"{'cell type': 'pluripotent human embryonic stem cells (hESCs)', 'source_name': 'human embryonic stem cell 1', 'transfection': 'LIN-41 siRNA #1'}",stem_cells,"['CL:0002322', 'EFO:0000726', 'CL:0000034']"
62,"{'cell line': 'H1 embryonic stem cells', 'cell type': 'day 2 ES cells differentiating along the cardiac lineage', 'genotype/variation': 'NKX2-5 shRNA knockdown', 'source_name': 'H1-NKX2-5-shRNA-day2'}",in_vitro_differentiated_cells,"['CL:0002322', 'EFO:0000322', 'CL:0000034', 'CL:0000010']"
63,"{'age of subjects': 'about 25 years', 'source_name': 'skin', 'subjects': '10 healthy female volunteers', 'tissue': 'skin (epidermal suction blister samples)'}",tissue,"['UBERON:0000014', 'UBERON:0003100', 'UBERON:0007023', 'EFO:0000962', 'EFO:0001272']"
64,"{'cell characterization': 'Single cells were sorted using anti-A2B5 MicroBeads (130-093-388, Miltenyi Biotec) according to manufacturer√¢‚Ç¨‚Ñ¢s protocol. In brief, live cells were incubated first with FcR Blocking Reagent (Miltenyi) for 10 mins then A2B5 antibody for 15 min at 4oC (2.5 √Ç¬µg A2B5 antibody per million cells). Cells positive for A2B5 were double enriched by passing through magnetic field (MACS Separator) twice. Both A2B5 positive and negative fractions were collected, lysed with TRIzol (Invitrogen) for RNA isolation. A population of A2B5+ cells were plated and allowed to attach overnight before fixing and staining with standard immunofluorescence techniques. A2B5+ cells stained positive for GFAP (DAKO, 1', 'growth protocol': ""Normal, non-neoplastic cells were derived from patient tissue specimens of neurosurgical resection in accordance with a Cleveland Clinic Institutional Review Board-approved protocol. Informed consent was obtained by the tissue bank, which provided de-identified excess tissue to the laboratory immediately following surgical resection. Specimens used for cell culture were dissociated with a Papain dissociation kit (Worthington). Cells were cultured adherently in media containing 50% Neurobasal medium (Gibco) and 50% Dulbecco's modified Eagle medium (DMEM) with B27 (without vitamin A, Invitrogen, basic fibroblast growth factor (10 ng/ml), epidermal growth factor (10 ng/ml), sodium pyruvate and L-glutamine, and 5% FBS. All cultured cells were used within five passages of dissociation."", 'source_name': 'Primary Epilepsy tissued derived progenitor cells'}",cell_line,"['UBERON:0007688', 'EFO:0000618', 'DOID:1826', 'EFO:0000474', 'EFO:0000408', 'EFO:0005774', 'CL:0000010']"
65,"{'disease state': ""Huntington's Disease"", 'source_name': 'post-mortem prefrontal cortex (Brodman Area 9)', 'tissue': 'prefrontal cortex (Brodman Area 9)'}",tissue,"['EFO:0000618', 'EFO:0003534', 'DOID:4', 'DOID:12858', 'EFO:0000408', 'EFO:0005772', 'UBERON:0000451']"
66,"{'cell type': 'H1-embryonic stem cells', 'source_name': 'H1-embryonic stem cells (p59)', 'time point': '15 days post LV-sh transduction', 'transduction': 'LV sh-empty'}",stem_cells,"['CL:0002322', 'CL:0000034']"
67,"{'antibody 1': 'catalog #', 'antibody 2': 'catalog #', 'source_name': 'Human brain', 'tissue': 'brain'}",tissue,['UBERON:0000955']
68,"{'cell type': 'Pre-adipocytes', 'differentiation state': 'Non-proliferating, differentiated for 3 days', 'passages': 'Cells in passage 5-7', 'source_name': 'Pre-adipocytes from liposuction material, cultured, 3 days after adipogenic stimulation (Day 3).', 'time': '3 days after adipogenic stimulation (Day 3)', 'treatment': 'adipogenic stimulation'}",in_vitro_differentiated_cells,"['EFO:0000727', 'CL:0002334', 'CL:0000010']"
69,"{'antibody/capture': 'poly(A) selection (Oligotex mRNA Mini Kit, QIAGEN)', 'source_name': 'HCT116 with homozygous deletion of DNMT3b and DNMT1 (Rhee et al Nature 2002)', 'starting molecule': 'RNA', 'technique': 'ds-cDNA-sequencing'}",cell_line,"['EFO:0004187', 'EFO:0004014']"
70,"{'age': '54-57 days post conception (gestation)', 'developmental stage': 'fetus', 'source_name': 'Human fetal pancreata', 'tissue': 'pancreas'}",tissue,"['UBERON:0001264', 'UBERON:0007220', 'UBERON:0000323']"
71,"{'cell type': 'iPS-derived cardiomyocytes', 'differentiation stage': 'Day 30 post-differentiation', 'source_name': 'Cardiomyocytes derived from PLN-R41del iPSC cells infected with AAV6-EGFP-miR-PLN'}",in_vitro_differentiated_cells,"['CL:0002371', 'CL:0000746', 'CL:0002494', 'CL:0002248', 'CL:0000034', 'CL:0000723', 'EFO:0004905', 'CL:0000187']"
72,"{'cell line': 'H9', 'cell type': 'embryonic stem cells', 'passages': '29', 'source_name': 'embryonic stem cells'}",stem_cells,"['EFO:0003045', 'EFO:0000322', 'CVCL:9773', 'CL:0000034', 'CL:0002322', 'CL:0000010']"
73,"{'cell type': 'naive hESC', 'source_name': 'Embryonic stem cells'}",stem_cells,"['CL:0002322', 'CL:0000034']"
74,"{'cell line': 'H9', 'source_name': 'human H9 cell lines'}",stem_cells,"['EFO:0000322', 'CVCL:9773', 'EFO:0003045', 'CL:0000010']"
75,"{'BioSampleModel': 'Human', 'age': 'missing', 'biomaterial_provider': 'Stormy Chamberlain', 'isolate': 'iPS cells derived from anonymous Angelman syndrome patient', 'sex': 'missing', 'tissue': 'skin'}",in_vitro_differentiated_cells,"['DOID:1932', 'EFO:0000962', 'EFO:0004905', 'CL:0002248', 'CL:0000034', 'EFO:0000408', 'CL:0000723', 'UBERON:0000014', 'CL:0002371', 'EFO:0000508']"
76,"{'cell line': '1-38G', 'derived cell typed': 'motor neurons', 'source_name': 'Type I SMA patient-specific iPSC line (1-38G)'}",in_vitro_differentiated_cells,"['CL:0000100', 'EFO:0000322', 'EFO:0004905', 'CL:0000034', 'CL:0002248', 'CL:0002371', 'CL:0000723', 'CL:0000540', 'CL:0000010']"
77,"{'cell line': 'HeLa', 'sirna': 'siLuc', 'source_name': 'Cervical cancer cells transfected with siRNA against luciferase two times over a 5 day period.', 'treatment': 'transfected with 42nM of siLuciferase'}",cell_line,"['EFO:0001185', 'UBERON:0003100', 'EFO:0000228', 'CVCL:0030', 'DOID:299', 'EFO:0000727', 'EFO:0000311', 'EFO:0000726', 'DOID:4', 'DOID:4362', 'EFO:0000408', 'EFO:0003150', 'DOID:162', 'UBERON:0000002', 'DOID:14566', 'EFO:0000616', 'CL:0000010', 'EFO:0000322']"
78,"{'cell type': 'induced pluripotent stem cell', 'source_name': 'induced pluripotent stem cell'}",induced_pluripotent_stem_cells,"['EFO:0004905', 'CL:0002371', 'CL:0000723', 'CL:0000034', 'CL:0002248']"
79,"{'cell line': 'H1', 'cell type': 'embryonic stem cells', 'genotype/variation': 'LV sh-empty transduced', 'source_name': 'Embryonic stem cells (H1)', 'time point': 'Cells at passage 69 (p69)'}",stem_cells,"['CL:0002322', 'EFO:0000322', 'CL:0000034', 'CL:0000010']"
80,"{'developmental stage': 'day 34', 'individual': '1', 'organism': 'Homo sapiens'}",in_vitro_differentiated_cells,[]
81,"{'nickname': 'hESC RNA r1', 'plasmid': 'none', 'source_name': 'embryonic stem cells', 'transchromosomic': 'no'}",stem_cells,"['CL:0002322', 'CL:0000034']"
82,"{'cell line': 'H9', 'cell type': 'embryonic stem cells', 'passage': 'p27', 'source_name': 'hESC', 'xist expression': 'XIST-'}",stem_cells,"['EFO:0003045', 'EFO:0000322', 'CVCL:9773', 'CL:0000034', 'CL:0002322', 'CL:0000010']"
83,"{'cell type': 'in vivo differentiated B cell', 'development stage': 'Adult', 'genotype/variation': 'wild type', 'source_name': 'Blood', 'tissue': 'blood'}",primary_cells,"['CL:0000738', 'UBERON:0000178', 'CL:0000236', 'UBERON:0007023', 'CL:0000542', 'CL:0000988', 'CL:0000945', 'EFO:0001272']"
84,"{'cell line': 'H9', 'cell type': 'human embryonic stem cells', 'passages': '56', 'ploidy': 'diploid', 'rna polyadenylation': 'minus', 'source_name': 'hES h9 cells, poly(A)-'}",stem_cells,"['EFO:0003045', 'EFO:0000322', 'CVCL:9773', 'CL:0000034', 'CL:0002322', 'CL:0000010']"
85,"{'cell line': 'H1', 'source_name': 'stem cells'}",stem_cells,"['EFO:0000322', 'CL:0000034', 'CL:0000010']"
86,"{'cell line': 'GBM1A', 'cell type': 'glioblastoma cell line', 'source_name': 'RNA from glioblastoma stem cells'}",stem_cells,"['EFO:0000311', 'EFO:0000616', 'DOID:3068', 'EFO:0000519', 'CL:0000034', 'EFO:0000408', 'EFO:0005543', 'DOID:14566', 'EFO:0000272', 'EFO:0000322', 'CL:0000010']"
87,"{'age': '31y', 'cell type': 'corneal endothelial cells', 'source_name': 'corneal endothelial cells'}",primary_cells,['CL:0000132']
88,"{'cell type': 'hESC cells', 'source_name': 'H9 hESCs transfected with a control, non targeting siRNA pool'}",stem_cells,"['CL:0002322', 'EFO:0000726', 'CL:0000034']"
89,"{'cell type': 'HUES64 derived hepatoblast', 'chip antibody': 'NA', 'source_name': 'in vitro derived hepatoblast'}",in_vitro_differentiated_cells,"['EFO:0007089', 'CL:0005026', 'CVCL:B199', 'CL:0000010']"
90,"{'cell type': 'CD34+ cells', 'rna subtype': 'small RNA', 'source_name': 'CD34+ cells'}",primary_cells,[]
91,"{'donor': 'adult donor 1', 'source_name': 'Sperm_RNAseq', 'tissue': 'sperm'}",primary_cells,"['UBERON:0001968', 'EFO:0001272', 'UBERON:0007023', 'CL:0000019']"
92,"{'cell type': 'primary neural progenitors', 'development stage': '17 week', 'genotype/variation': 'lentiviral-mediated knockdown of RBFOX1', 'source_name': 'primary neural progenitors', 'tissue': 'brain'}",in_vitro_differentiated_cells,['UBERON:0000955']
93,"{'BioSampleModel': 'Human', 'age': 'not applicable', 'biomaterial_provider': 'Benjamin Freedman, 850 Republican St, Room S565, Seattle, WA 98109', 'cell_line': 'WA09', 'cell_subtype': 'BF85-34', 'cell_type': 'embryonic stem cell', 'dev_stage': 'epiblast', 'health_state': 'unmodified', 'isolate': 'WA09', 'karyotype': '46, XX', 'sample_type': 'RNA from cell culture', 'sex': 'female', 'tissue': 'blastocyst', 'treatment': '3D culture1'}",stem_cells,"['UBERON:0002532', 'EFO:0003045', 'EFO:0000727', 'EFO:0000322', 'CVCL:9773', 'UBERON:0000358', 'UBERON:0003100', 'CL:0000034', 'CL:0002322', 'EFO:0000795', 'CL:0000010']"
94,"{'source_name': 'Human Cerebellum total RNA', 'tissue': 'Cerebellum'}",tissue,['UBERON:0002037']
95,"{'antibody': 'Flag M2', 'crosslinker and crosslinking wavelength': '4-SU / 365 nm', 'immunoprecipitated protein': 'LIN28A', 'source_name': 'HEK 293'}",cell_line,[]
96,"{'cell line': 'HeLa', 'source_name': 'HeLa cell'}",cell_line,"['EFO:0001185', 'UBERON:0003100', 'EFO:0000228', 'CVCL:0030', 'DOID:299', 'DOID:4', 'EFO:0000408', 'EFO:0003150', 'UBERON:0000002', 'EFO:0000322', 'CL:0000010']"
97,"{'cell line': 'HEK293', 'source_name': 'HEK 293 cells inducibly expressing FLAG/HA tagged LIN28B; transgene expression not induced; mock transfected; replicate 1'}",cell_line,"['EFO:0001182', 'CVCL:0045', 'EFO:0000322', 'UBERON:0002113', 'EFO:0000726', 'CL:0000010']"
98,"{'cell line': 'U251', 'source_name': 'U251 cells', 'transfection': 'control'}",cell_line,"['EFO:0000322', 'EFO:0006498', 'CL:0000010', 'CVCL:0021']"
99,"{'age': '16 weeks', 'cell type': 'cKIT+ FACS sort', 'source_name': 'Fetal Testis', 'tissue': 'testis'}",primary_cells,"['UBERON:0000473', 'UBERON:0007220', 'UBERON:0000323']"